{"cod_10_clu_24_mlu_128": {"val_acc": [0.49137931045022926, 0.49137931045022926], "val_recall": [1.0, 1.0], "val_loss": [1.252229190842437, 1.2482391026671433], "recall": [0.9975035106880948, 1.0], "precision": [0.2493758776720237, 0.25], "loss": [1.263545709720992, 1.2478663025752006], "acc": [0.4953190825122774, 0.4963722889407374], "val_precision": [0.25, 0.25]}, "cod_10_clu_24_mlu_160": {"val_acc": [0.49137931045022926, 0.49137931045022926], "val_recall": [1.0, 1.0], "val_loss": [1.3149417406895012, 1.2491744655513004], "recall": [0.9975035106880948, 1.0], "precision": [0.2493758776720237, 0.25], "loss": [1.2679258711644203, 1.2659776880581528], "acc": [0.4961772507504454, 0.49637228896863783], "val_precision": [0.25, 0.25]}}